date,sector,avg_change,score
2026-07-13,神山群,-0.08,49
2026-07-13,IC設計,-3.47,15
2026-07-13,散熱,-2.46,25
2026-07-13,石英元件,-5.99,0
2026-07-13,被動元件,-9.8,0
2026-07-13,矽晶圓,9.93,100
2026-07-13,功率元件,-2.86,21
2026-07-13,光通訊,-2.31,26
2026-07-13,PCB/CCL,-0.52,44
2026-07-13,記憶體,-3.63,13
2026-07-13,國防無人機,2.84,78
2026-07-13,重電,1.97,69
2026-07-13,AI設備封測,-1.62,33
2026-07-14,神山群,-0.08,49
2026-07-14,IC設計,-3.47,15
2026-07-14,散熱,-2.46,25
2026-07-14,石英元件,-5.92,0
2026-07-14,被動元件,-9.8,0
2026-07-14,矽晶圓,9.93,100
2026-07-14,功率元件,-2.86,21
2026-07-14,光通訊,-2.31,26
2026-07-14,PCB/CCL,-0.52,44
2026-07-14,記憶體,-3.63,13
2026-07-14,國防無人機,2.95,79
2026-07-14,重電,1.97,69
2026-07-14,AI設備封測,-1.62,33
2026-09-19,神山群,3.77,87
2026-09-19,IC設計,6.04,100
2026-09-19,散熱,4.77,97
2026-09-19,石英元件,2.06,70
2026-09-19,被動元件,4.66,96
2026-09-19,矽晶圓,3.28,82
2026-09-19,功率元件,4.52,95
2026-09-19,光通訊,4.39,93
2026-09-19,PCB/CCL,3.46,84
2026-09-19,記憶體,6.03,100
2026-09-19,國防無人機,2.4,74
2026-09-19,重電,4.27,92
2026-09-19,AI設備封測,7.15,100
2026-09-21,神山群,-0.51,44
2026-09-21,IC設計,-2.36,26
2026-09-21,散熱,2.02,70
2026-09-21,石英元件,0.76,57
2026-09-21,被動元件,-0.3,47
2026-09-21,矽晶圓,0.06,50
2026-09-21,功率元件,0.18,51
2026-09-21,光通訊,4.67,96
2026-09-21,PCB/CCL,0.96,59
2026-09-21,記憶體,-3.0,20
2026-09-21,國防無人機,4.26,92
2026-09-21,重電,-0.64,43
2026-09-21,AI設備封測,-0.2,48
2026-09-22,神山群,-0.08,49
2026-09-22,IC設計,3.69,86
2026-09-22,散熱,1.32,63
2026-09-22,石英元件,-0.33,46
2026-09-22,被動元件,0.69,56
2026-09-22,矽晶圓,-1.31,36
2026-09-22,功率元件,2.83,78
2026-09-22,光通訊,-1.07,39
2026-09-22,PCB/CCL,1.94,69
2026-09-22,記憶體,-1.44,35
2026-09-22,國防無人機,2.85,78
2026-09-22,重電,3.13,81
2026-09-22,AI設備封測,0.17,51
2026-09-23,神山群,0.11,51
2026-09-23,IC設計,4.61,96
2026-09-23,散熱,0.78,57
2026-09-23,石英元件,-0.15,48
2026-09-23,被動元件,-1.52,34
2026-09-23,矽晶圓,2.18,71
2026-09-23,功率元件,0.23,52
2026-09-23,光通訊,-1.49,35
2026-09-23,PCB/CCL,4.79,97
2026-09-23,記憶體,-1.54,34
2026-09-23,國防無人機,2.95,79
2026-09-23,重電,3.39,83
2026-09-23,AI設備封測,0.88,58
2026-09-24,神山群,0.86,58
2026-09-24,IC設計,0.54,55
2026-09-24,散熱,1.98,69
2026-09-24,石英元件,4.33,93
2026-09-24,被動元件,1.37,63
2026-09-24,矽晶圓,-0.89,41
2026-09-24,功率元件,2.41,74
2026-09-24,光通訊,-2.7,23
2026-09-24,PCB/CCL,2.59,75
2026-09-24,記憶體,1.02,60
2026-09-24,國防無人機,-0.25,47
2026-09-24,重電,-1.75,32
2026-09-24,AI設備封測,-1.12,38
2026-09-25,神山群,-1.93,30
2026-09-25,IC設計,0.7,57
2026-09-25,散熱,4.19,91
2026-09-25,石英元件,1.02,60
2026-09-25,被動元件,2.86,78
2026-09-25,矽晶圓,1.94,69
2026-09-25,功率元件,0.6,56
2026-09-25,光通訊,-0.62,43
2026-09-25,PCB/CCL,3.81,88
2026-09-25,記憶體,-1.66,33
2026-09-25,國防無人機,-1.98,30
2026-09-25,重電,-0.78,42
2026-09-25,AI設備封測,-0.87,41
2026-09-28,神山群,-1.93,30
2026-09-28,IC設計,0.7,57
2026-09-28,散熱,4.19,91
2026-09-28,石英元件,1.02,60
2026-09-28,被動元件,2.86,78
2026-09-28,矽晶圓,1.94,69
2026-09-28,功率元件,0.6,56
2026-09-28,光通訊,-0.62,43
2026-09-28,PCB/CCL,3.81,88
2026-09-28,記憶體,-1.66,33
2026-09-28,國防無人機,-1.98,30
2026-09-28,重電,-0.78,42
2026-09-28,AI設備封測,-0.87,41
2026-09-29,神山群,-1.93,30
2026-09-29,IC設計,0.7,57
2026-09-29,散熱,4.19,91
2026-09-29,石英元件,1.02,60
2026-09-29,被動元件,2.86,78
2026-09-29,矽晶圓,1.94,69
2026-09-29,功率元件,0.6,56
2026-09-29,光通訊,-0.62,43
2026-09-29,PCB/CCL,3.81,88
2026-09-29,記憶體,-1.66,33
2026-09-29,國防無人機,-1.98,30
2026-09-29,重電,-0.78,42
2026-09-29,AI設備封測,-0.87,41
2026-09-30,神山群,1.2,62
2026-09-30,IC設計,-2.65,23
2026-09-30,散熱,-2.21,27
2026-09-30,石英元件,3.75,87
2026-09-30,被動元件,-2.65,23
2026-09-30,矽晶圓,0.14,51
2026-09-30,功率元件,-0.09,49
2026-09-30,光通訊,-0.87,41
2026-09-30,PCB/CCL,0.59,55
2026-09-30,記憶體,1.3,63
2026-09-30,國防無人機,-0.45,45
2026-09-30,重電,3.93,89
2026-09-30,AI設備封測,-1.18,38
2026-10-01,神山群,1.6,66
2026-10-01,IC設計,0.68,56
2026-10-01,散熱,-1.63,33
2026-10-01,石英元件,0.97,59
2026-10-01,被動元件,-1.26,37
2026-10-01,矽晶圓,7.73,100
2026-10-01,功率元件,2.41,74
2026-10-01,光通訊,0.27,52
2026-10-01,PCB/CCL,1.79,67
2026-10-01,記憶體,2.22,72
2026-10-01,國防無人機,3.0,80
2026-10-01,重電,3.94,89
2026-10-01,AI設備封測,-0.86,41
2026-10-02,神山群,1.65,66
2026-10-02,IC設計,0.32,53
2026-10-02,散熱,1.0,60
2026-10-02,石英元件,7.47,100
2026-10-02,被動元件,8.42,100
2026-10-02,矽晶圓,1.07,60
2026-10-02,功率元件,0.86,58
2026-10-02,光通訊,-0.47,45
2026-10-02,PCB/CCL,3.31,83
2026-10-02,記憶體,-0.91,40
2026-10-02,國防無人機,-1.65,33
2026-10-02,重電,-0.03,49
2026-10-02,AI設備封測,-1.65,33
2026-10-05,神山群,0.91,59
2026-10-05,IC設計,0.14,51
2026-10-05,散熱,-0.31,46
2026-10-05,石英元件,5.91,100
2026-10-05,被動元件,2.08,70
2026-10-05,矽晶圓,4.62,96
2026-10-05,功率元件,-0.59,44
2026-10-05,光通訊,6.79,100
2026-10-05,PCB/CCL,5.21,100
2026-10-05,記憶體,0.5,55
2026-10-05,國防無人機,0.99,59
2026-10-05,重電,-1.92,30
2026-10-05,AI設備封測,4.24,92
2026-10-06,神山群,-1.27,37
2026-10-06,IC設計,3.45,84
2026-10-06,散熱,3.37,83
2026-10-06,石英元件,-0.62,43
2026-10-06,被動元件,-1.17,38
2026-10-06,矽晶圓,-1.56,34
2026-10-06,功率元件,2.03,70
2026-10-06,光通訊,1.56,65
2026-10-06,PCB/CCL,5.96,100
2026-10-06,記憶體,0.1,51
2026-10-06,國防無人機,-1.43,35
2026-10-06,重電,1.83,68
2026-10-06,AI設備封測,4.89,98
2026-10-07,神山群,-0.27,47
2026-10-07,IC設計,-0.82,41
2026-10-07,散熱,0.54,55
2026-10-07,石英元件,-6.63,0
2026-10-07,被動元件,-0.02,49
2026-10-07,矽晶圓,-0.36,46
2026-10-07,功率元件,-2.39,26
2026-10-07,光通訊,-2.35,26
2026-10-07,PCB/CCL,2.38,73
2026-10-07,記憶體,-1.6,34
2026-10-07,國防無人機,-0.72,42
2026-10-07,重電,-1.11,38
2026-10-07,AI設備封測,2.04,70
2026-10-08,神山群,-0.53,44
2026-10-08,IC設計,-0.61,43
2026-10-08,散熱,-1.83,31
2026-10-08,石英元件,4.43,94
2026-10-08,被動元件,5.8,100
2026-10-08,矽晶圓,5.38,100
2026-10-08,功率元件,-1.1,39
2026-10-08,光通訊,4.51,95
2026-10-08,PCB/CCL,-0.41,45
2026-10-08,記憶體,-0.95,40
2026-10-08,國防無人機,0.2,52
2026-10-08,重電,2.52,75
2026-10-08,AI設備封測,0.04,50
2026-10-09,神山群,-1.1,39
2026-10-09,IC設計,-0.55,44
2026-10-09,散熱,-0.58,44
2026-10-09,石英元件,4.73,97
2026-10-09,被動元件,2.11,71
2026-10-09,矽晶圓,-4.07,9
2026-10-09,功率元件,-1.02,39
2026-10-09,光通訊,-2.37,26
2026-10-09,PCB/CCL,-0.23,47
2026-10-09,記憶體,-0.17,48
2026-10-09,國防無人機,-0.82,41
2026-10-09,重電,1.05,60
2026-10-09,AI設備封測,-0.27,47
